<?xml version="1.0" encoding="utf-8"?>

<!--
This file is subject to the terms and conditions defined in the "LICENSE.txt"
file, which is part of this source code package and is also available on the
page: https://raw.githubusercontent.com/ocmod-space/license/main/LICENSE.txt.
-->

<modification>
  <name>Modification Default</name>
  <code>default</code>
  <version>1.1</version>
  <author>Andrii Burkatskyi aka underr</author>
  <link>http://www.opencart.com</link>

  <file path="system/{engine,library}/{action,loader,config,language}*.php|system/library/template/template.php">
    <operation>
      <search regex="true"><![CDATA[~(require|include)(_once)?\(([^)]+)~]]></search>
      <add position="replace">
        <![CDATA[$1$2(modification($3)]]>
      </add>
    </operation>
  </file>

  <file path="system/library/template/twig.php">
    <operation>
      <search><![CDATA[if (is_file($file)) {]]></search>
      <add position="replace">
        <![CDATA[if (defined('DIR_CATALOG') && is_file(DIR_MODIFICATION . 'admin/view/template/' . $filename . '.twig')) {
                $code = file_get_contents(DIR_MODIFICATION . 'admin/view/template/' . $filename . '.twig');
            } elseif (is_file(DIR_MODIFICATION . 'catalog/view/theme/' . $filename . '.twig')) {
                $code = file_get_contents(DIR_MODIFICATION . 'catalog/view/theme/' . $filename . '.twig');
            } elseif (is_file($file)) {]]>
      </add>
    </operation>
  </file>

</modification>
